route_order,planned_time,company_name,city,province,category,subcategory,brand,priority,commercial_status,address,phone,whatsapp,website,maps_url,target_role,visit_reason,next_action,notes,source_url
1,10:00,Pallotti Maquinarias,Río Cuarto,Córdoba,Concesionario maquinaria,Vial,LiuGong,A++,Prospecto,"RN A005 km 3,5, Río Cuarto, Córdoba",+54 358 571-3137 / +54 358 509-1218,Validar en contacto comercial,https://pallottimaquinarias.ar/,https://www.google.com/maps/search/?api=1&query=Pallotti+Maquinarias+RN+A005+km+3%2C5%2C+R%C3%ADo+Cuarto%2C+C%C3%B3rdoba,Logística / Expedición / Posventa,Visita comercial inicial PRESOL,Visita comercial inicial,"Traslado de palas, retroexcavadoras, excavadoras y equipos de obra. Camilla 15 TN / carretón 30 TN. Servicios PRESOL: camilla 15 TN; carretón 30 TN; hidrogrúa.",https://pallottimaquinarias.ar/contacto
2,10:25,Grossvial Río Cuarto,Río Cuarto,Córdoba,Concesionario maquinaria,Vial,Grossvial / maquinaria vial,A++,Prospecto,"RN A005, X5806 Río Cuarto, Córdoba",+54 358 439-9599,Sitio oficial ofrece chat; validar número al contactar,https://grossvial.com/,https://www.google.com/maps/search/?api=1&query=Grossvial+R%C3%ADo+Cuarto+RN+A005%2C+X5806+R%C3%ADo+Cuarto%2C+C%C3%B3rdoba,Logística / Entregas / Posventa,Visita comercial inicial PRESOL,Visita comercial inicial,Transporte tercerizado de equipos viales nuevos/usados y apoyo en picos de entrega. Servicios PRESOL: camilla 15 TN; carretón 30 TN; hidrogrúa.,https://grossvial.com/contacto/
3,10:50,Semtraco Río Cuarto,Río Cuarto,Córdoba,Concesionario maquinaria,Mixto vial + agrícola,JCB / CASE IH / Erca / Piersanti,A++,Prospecto,"Acceso 005 – Circunvalación, X5800 Río Cuarto, Córdoba",+54 358 415-8451,Validar,https://www.semtraco.com.ar/,https://www.google.com/maps/search/?api=1&query=Semtraco+R%C3%ADo+Cuarto+Acceso+005+%E2%80%93+Circunvalaci%C3%B3n%2C+X5800+R%C3%ADo+Cuarto%2C+C%C3%B3rdoba,Gerencia / Logística / Posventa,Visita comercial inicial PRESOL,Visita comercial inicial,"JCB + CASE IH: traslado de equipos viales y agrícolas, entregas a cliente y recuperos. Servicios PRESOL: camilla 15 TN; carretón 30 TN; hidrogrúa.",https://www.semtraco.com.ar/productos/jcb-argentina.html
4,11:15,Lonking Río Cuarto,Río Cuarto,Córdoba,Concesionario maquinaria,Vial,Lonking,A+,Prospecto,"RN A005 km 5, X5800 Río Cuarto, Córdoba",+54 358 431-0101,Validar,,https://www.google.com/maps/search/?api=1&query=Lonking+R%C3%ADo+Cuarto+RN+A005+km+5%2C+X5800+R%C3%ADo+Cuarto%2C+C%C3%B3rdoba,Ventas / Logística / Posventa,Visita comercial inicial PRESOL,Visita comercial inicial,Movimiento de maquinaria vial y equipos pesados con carretón. Servicios PRESOL: camilla 15 TN; carretón 30 TN; hidrogrúa.,https://www.google.com/maps/search/?api=1&query=Lonking+Rio+Cuarto
5,11:45,CATPRO Maquinarias,Río Cuarto,Córdoba,Concesionario maquinaria,Agrícola,New Holland Agriculture,A++,Prospecto,"Av. Godoy Cruz 564, Río Cuarto, Córdoba",+54 358 465-0092 / +54 358 463-2206,Validar,https://www.catprosa.com.ar/,https://www.google.com/maps/search/?api=1&query=CATPRO+Maquinarias+Av.+Godoy+Cruz+564%2C+R%C3%ADo+Cuarto%2C+C%C3%B3rdoba,Logística / Ventas / Posventa,Visita comercial inicial PRESOL,Visita antes de 12:30 según horario publicado,"Traslado de tractores, pulverizadoras y cosechadoras; entregas y movimientos entre clientes/taller. Servicios PRESOL: camilla 15 TN; carretón 30 TN; hidrogrúa.",https://www.catprosa.com.ar/index.php/contacto
6,12:10,Aníbal Barbero - El Amigazo SRL,Río Cuarto,Córdoba,Concesionario maquinaria,Agrícola,Vassalli / Don Roque,A+,Prospecto,"Av. Godoy Cruz 520, Río Cuarto, Córdoba",+54 358 412-1247 / +54 358 412-1252,+54 358 412-1252,https://anibalbarbero.com/,https://www.google.com/maps/search/?api=1&query=An%C3%ADbal+Barbero+-+El+Amigazo+SRL+Av.+Godoy+Cruz+520%2C+R%C3%ADo+Cuarto%2C+C%C3%B3rdoba,Ventas / Expedición / Posventa,Visita comercial inicial PRESOL,Visita comercial inicial,"Cosechadoras y maquinaria agrícola: transporte a campo, taller, entrega y recupero. Servicios PRESOL: camilla 15 TN; carretón 30 TN; hidrogrúa.",https://anibalbarbero.com/nosotros/
7,12:30,Demarchi S.A.,Río Cuarto,Córdoba,Concesionario maquinaria,Agrícola,Valtra,A++,Prospecto,"Av. Godoy Cruz 485, Río Cuarto, Córdoba",+54 358 401-0714,Validar,https://www.demarchi.com.ar/,https://www.google.com/maps/search/?api=1&query=Demarchi+S.A.+Av.+Godoy+Cruz+485%2C+R%C3%ADo+Cuarto%2C+C%C3%B3rdoba,Gerencia / Logística / Posventa,Visita comercial inicial PRESOL,Visita comercial inicial,Traslado de tractores y equipos Valtra; soporte en entregas y posventa. Servicios PRESOL: camilla 15 TN; carretón 30 TN; hidrogrúa.,https://www.demarchi.com.ar/es/quienes-somos/
8,13:45,Concesionario Ruben Marconi,Río Cuarto,Córdoba,Concesionario maquinaria,Agrícola,Equipos agrícolas,A,Prospecto,"RN A005 2708, X5800 Río Cuarto, Córdoba",+54 358 470-0452,Validar,,https://www.google.com/maps/search/?api=1&query=Concesionario+Ruben+Marconi+RN+A005+2708%2C+X5800+R%C3%ADo+Cuarto%2C+C%C3%B3rdoba,Ventas / Logística,Visita comercial inicial PRESOL,Visita comercial inicial,Movimientos y entregas de maquinaria agrícola; apoyo cuando no conviene movilizar equipo propio. Servicios PRESOL: camilla 15 TN; carretón 30 TN; hidrogrúa.,https://www.google.com/maps/search/?api=1&query=Concesionario+Ruben+Marconi+Rio+Cuarto
9,14:10,Agrokeegan Maquinarias,Río Cuarto,Córdoba,Concesionario maquinaria,Agrícola,Maquinaria agrícola,A,Prospecto,"Acceso RN A005, X5800 Río Cuarto, Córdoba",+54 358 601-4848,Validar,,https://www.google.com/maps/search/?api=1&query=Agrokeegan+Maquinarias+Acceso+RN+A005%2C+X5800+R%C3%ADo+Cuarto%2C+C%C3%B3rdoba,Ventas / Logística,Visita comercial inicial PRESOL,Visita comercial inicial,Traslado de maquinaria nueva/usada y movimientos de entrega/retiro. Servicios PRESOL: camilla 15 TN; carretón 30 TN; hidrogrúa.,https://www.google.com/maps/search/?api=1&query=Agrokeegan+Maquinarias+Rio+Cuarto
10,14:40,Simonassi Maquinarias Agrícolas,Río Cuarto,Córdoba,Concesionario maquinaria,Agrícola,Lovol,A+,Prospecto,"Av. Amadeo Sabattini 2950, X5800 Río Cuarto, Córdoba",+54 358 506-2964,Validar,,https://www.google.com/maps/search/?api=1&query=Simonassi+Maquinarias+Agr%C3%ADcolas+Av.+Amadeo+Sabattini+2950%2C+X5800+R%C3%ADo+Cuarto%2C+C%C3%B3rdoba,Ventas / Logística / Posventa,Visita comercial inicial PRESOL,Visita comercial inicial,Traslado de tractores y maquinaria agrícola; entregas a campo y posventa. Servicios PRESOL: camilla 15 TN; carretón 30 TN; hidrogrúa.,https://www.google.com/maps/search/?api=1&query=Simonassi+Maquinarias+Agricolas+Lovol+Rio+Cuarto
11,15:10,RINO Pauny,Río Cuarto,Córdoba,Concesionario maquinaria,Agrícola,Pauny,A+,Prospecto,"RN A005 km 10,5, X5804 Río Cuarto, Córdoba",+54 358 509-1232,Validar,,https://www.google.com/maps/search/?api=1&query=RINO+Pauny+RN+A005+km+10%2C5%2C+X5804+R%C3%ADo+Cuarto%2C+C%C3%B3rdoba,Ventas / Logística / Posventa,Visita comercial inicial PRESOL,Visita después de 15:00 según horario publicado,"Tractores Pauny: entregas, retiros, movimientos a taller/campo con camilla o carretón. Servicios PRESOL: camilla 15 TN; carretón 30 TN; hidrogrúa.",https://www.google.com/maps/search/?api=1&query=RINO+Pauny+Rio+Cuarto
12,15:40,Caon Maquinarias,Río Cuarto,Córdoba,Concesionario maquinaria,Agrícola,Maquinaria agrícola,A,Prospecto,"RN8 km 608, X5800 Río Cuarto, Córdoba",+54 358 411-7162,Validar,,https://www.google.com/maps/search/?api=1&query=Caon+Maquinarias+RN8+km+608%2C+X5800+R%C3%ADo+Cuarto%2C+C%C3%B3rdoba,Ventas / Logística,Visita comercial inicial PRESOL,Visita después de 15:00 según horario publicado,Traslados de maquinaria agrícola y equipos usados/nuevos. Servicios PRESOL: camilla 15 TN; carretón 30 TN; hidrogrúa.,https://www.google.com/maps/search/?api=1&query=Caon+Maquinarias+Rio+Cuarto
13,16:15,Casale Maquinarias,Río Cuarto,Córdoba,Concesionario maquinaria,Vial,Movimiento de suelos / maquinaria vial,B+,Prospecto,"RN36 km 606, X5800 Río Cuarto, Córdoba",+54 358 509-4615,Validar,https://casalemaquinarias.com.ar/,https://www.google.com/maps/search/?api=1&query=Casale+Maquinarias+RN36+km+606%2C+X5800+R%C3%ADo+Cuarto%2C+C%C3%B3rdoba,Gerencia / Logística,Visita comercial inicial PRESOL,Visitar si queda tiempo,Backup de transporte y picos de demanda para maquinaria vial pesada. Servicios PRESOL: camilla 15 TN; carretón 30 TN; hidrogrúa.,https://casalemaquinarias.com.ar/
14,16:40,Agro Vial Fernández,Río Cuarto,Córdoba,Concesionario maquinaria,Agrícola,Maquinaria agrícola,B+,Prospecto,"Ruta A005 y Arturo M. Bas, Río Cuarto, Córdoba",+54 9 351 607-7077,+54 9 351 607-7077,,https://www.google.com/maps/search/?api=1&query=Agro+Vial+Fern%C3%A1ndez+Ruta+A005+y+Arturo+M.+Bas%2C+R%C3%ADo+Cuarto%2C+C%C3%B3rdoba,Expedición / Logística,Visita comercial inicial PRESOL,Visitar si queda tiempo,Fabricación de maquinaria: entregas de equipos terminados y traslados especiales. Servicios PRESOL: camilla 15 TN; carretón 30 TN; hidrogrúa.,https://www.google.com/maps/search/?api=1&query=Agro+Vial+Fernandez+Rio+Cuarto
15,17:00,Bricchi Hnos. S.A.,Río Cuarto,Córdoba,Concesionario maquinaria,Agrícola,Taller / maquinaria,B,Prospecto,"Ruta A005 km 1,2, X5800 Río Cuarto, Córdoba",+54 358 654-2828,Validar,,https://www.google.com/maps/search/?api=1&query=Bricchi+Hnos.+S.A.+Ruta+A005+km+1%2C2%2C+X5800+R%C3%ADo+Cuarto%2C+C%C3%B3rdoba,Gerencia / Logística,Visita comercial inicial PRESOL,Visitar si queda tiempo,Identificar necesidades de traslados tercerizados y apoyo en maquinaria. Servicios PRESOL: camilla 15 TN; carretón 30 TN; hidrogrúa.,https://www.google.com/maps/search/?api=1&query=Bricchi+Hnos+Rio+Cuarto
