record_action,canonical_key,aliases,company_name,city,province,category,subcategory,brands,priority,route_group,route_order,planned_time,commercial_status,address,phone,whatsapp,email,website,maps_url,target_role,visit_reason,next_action,notes,source_confidence,source_url
UPSERT,sala-rio-cuarto,SALA; John Deere Río Cuarto,SALA / Agrotecnología Sala S.A.,Río Cuarto,Córdoba,Concesionario agrícola,Agrícola,John Deere / PLA,A++,Principal,1,10:00,Prospecto,"RN36 km 609, Río Cuarto, Córdoba",+54 9 358 240-9477,Validar comercial,,https://www.deere.com.ar/,https://www.google.com/maps/search/?api=1&query=SALA+%2F+Agrotecnolog%C3%ADa+Sala+S.A.+RN36+km+609%2C+R%C3%ADo+Cuarto%2C+C%C3%B3rdoba,Logística / Expedición / Posventa / Gerencia,Presentación comercial PRESOL — traslado de maquinaria / equipos,Visita comercial inicial,Concesionario John Deere confirmado en Río Cuarto. Prioridad máxima. | Servicios PRESOL: camilla 15 TN; carretón 30 TN; hidrogrúa. Precios: sólo cotización por viaje.,Alta,https://www.deere.com.ar/assets/pdfs/region-3/our-company/news/032024-bases-y-condiciones-promo-bater%C3%ADas-jd.pdf
UPSERT,pallotti-liugong-rio-cuarto,Pallotti; LiuGong Río Cuarto; Ferniot-Pallotti,Pallotti Maquinarias,Río Cuarto,Córdoba,Concesionario vial,Vial,LiuGong,A++,Principal,2,10:25,Prospecto,"RN A005 km 3,5, Río Cuarto, Córdoba",+54 358 571-3137 / +54 358 509-1218,Validar comercial,contacto@pallottimaquinarias.ar,https://pallottimaquinarias.ar/,https://www.google.com/maps/search/?api=1&query=Pallotti+Maquinarias+RN+A005+km+3%2C5%2C+R%C3%ADo+Cuarto%2C+C%C3%B3rdoba,Logística / Expedición / Posventa,Presentación comercial PRESOL — traslado de maquinaria / equipos,Visita comercial inicial,LiuGong publica punto de ventas Pallotti en Río Cuarto. | Servicios PRESOL: camilla 15 TN; carretón 30 TN; hidrogrúa. Precios: sólo cotización por viaje.,Alta,https://pallottimaquinarias.ar/contacto
UPSERT+MERGE_ALIAS_LONKING,bricchi-rio-cuarto,Bricchi; Lonking Río Cuarto; Lonking en Bricchi,Bricchi Hnos. S.A.,Río Cuarto,Córdoba,Concesionario vial + agrícola,Mixto vial + agrícola,Lonking / Apache / Hanomag / otros,A++,Principal,3,10:50,Prospecto,"Ruta A005 km 1,2, Río Cuarto, Córdoba",+54 9 358 485-4418,+54 9 358 485-4418,alejandropirchio@bricchihnos.com; juan@bricchihnos.com,https://www.bricchihnos.com/,https://www.google.com/maps/search/?api=1&query=Bricchi+Hnos.+S.A.+Ruta+A005+km+1%2C2%2C+R%C3%ADo+Cuarto%2C+C%C3%B3rdoba,Gerencia / Maquinaria / Logística,Presentación comercial PRESOL — traslado de maquinaria / equipos,Visita comercial inicial,"CANONICAL: Lonking Río Cuarto debe quedar como marca/alias de Bricchi, NO como empresa separada. | Servicios PRESOL: camilla 15 TN; carretón 30 TN; hidrogrúa. Precios: sólo cotización por viaje.",Alta,https://www.bricchihnos.com/contact
UPSERT,metalfor-rio-cuarto,Metalfor Río Cuarto; Servicap Metalfor,Metalfor S.A. / Servicap Río Cuarto,Río Cuarto,Córdoba,Fabricante / maquinaria agrícola,Agrícola,Metalfor,A+,Principal,4,11:15,Prospecto,"Ruta A005 km 2,5-3, Río Cuarto, Córdoba",+54 358 601-1697 / +54 358 465-5642,Validar,,https://www.metalfor.com.ar/,https://www.google.com/maps/search/?api=1&query=Metalfor+S.A.+%2F+Servicap+R%C3%ADo+Cuarto+Ruta+A005+km+2%2C5-3%2C+R%C3%ADo+Cuarto%2C+C%C3%B3rdoba,Expedición / Logística / Servicio,Presentación comercial PRESOL — traslado de maquinaria / equipos,Visita comercial inicial,"Dirección reportada entre km 2,5 y km 3 según fuentes; confirmar pin antes de visita. | Servicios PRESOL: camilla 15 TN; carretón 30 TN; hidrogrúa. Precios: sólo cotización por viaje.",Media,https://locatoradmin.cummins.com/locator-interface/rv-or-motorhome-locations?page=34
UPSERT,agrorio-tanzi-rio-cuarto,AgroRio; Tanzi Río Cuarto,AgroRio Maquinaria Agrícola,Río Cuarto,Córdoba,Concesionario agrícola,Agrícola,Tanzi,A+,Principal,5,11:35,Prospecto,"Colectora Dr. Alfredo Palacios 2594, RN A005 km 3, Río Cuarto, Córdoba",+54 358 609-3110,Validar,agrorio.maquinarias@gmail.com,,https://www.google.com/maps/search/?api=1&query=AgroRio+Maquinaria+Agr%C3%ADcola+Colectora+Dr.+Alfredo+Palacios+2594%2C+RN+A005+km+3%2C+R%C3%ADo+Cuarto%2C+C%C3%B3rdoba,Ventas / Expedición / Logística,Presentación comercial PRESOL — traslado de maquinaria / equipos,Visita comercial inicial,Tanzi lo lista en su red comercial oficial. | Servicios PRESOL: camilla 15 TN; carretón 30 TN; hidrogrúa. Precios: sólo cotización por viaje.,Alta,https://www.tanzi.com.ar/concesionarios.php
UPSERT,agrorancho-rio-cuarto,AGRORANCHO MAQUINARIAS,Agrorancho Maquinarias,Río Cuarto,Córdoba,Concesionario agrícola,Agrícola,Multimarca,A,Principal,6,11:55,Prospecto,"Ruta A005 km 3,5, Río Cuarto, Córdoba",+54 358 465-2174,Validar,,,https://www.google.com/maps/search/?api=1&query=Agrorancho+Maquinarias+Ruta+A005+km+3%2C5%2C+R%C3%ADo+Cuarto%2C+C%C3%B3rdoba,Ventas / Logística,Presentación comercial PRESOL — traslado de maquinaria / equipos,Visita exploratoria y validar marcas,Empresa activa; actividad principal mayorista de maquinaria/equipos agropecuarios. | Servicios PRESOL: camilla 15 TN; carretón 30 TN; hidrogrúa. Precios: sólo cotización por viaje.,Media,https://indicadores.ar/empresa/33719441039-agrorancho-maquinarias-s-a-s
UPSERT,grossvial-rio-cuarto,Grossvial,Grossvial Río Cuarto,Río Cuarto,Córdoba,Concesionario vial,Vial,Maquinaria vial / construcción,A++,Principal,7,12:15,Prospecto,"RN A005, Río Cuarto, Córdoba",+54 358 439-9599,Validar,,https://grossvial.com/,https://www.google.com/maps/search/?api=1&query=Grossvial+R%C3%ADo+Cuarto+RN+A005%2C+R%C3%ADo+Cuarto%2C+C%C3%B3rdoba,Logística / Entregas / Posventa,Presentación comercial PRESOL — traslado de maquinaria / equipos,Visita comercial inicial,Concesionaria vial; sucursal Río Cuarto verificada en mapas/actividad actual. | Servicios PRESOL: camilla 15 TN; carretón 30 TN; hidrogrúa. Precios: sólo cotización por viaje.,Alta,https://grossvial.com/
UPSERT,semtraco-rio-cuarto,Semtraco; CASE IH Río Cuarto; JCB Río Cuarto,Semtraco S.A. - Río Cuarto,Río Cuarto,Córdoba,Concesionario vial + agrícola,Mixto vial + agrícola,JCB / CASE IH,A++,Principal,8,12:40,Prospecto,"Acceso 005 – Circunvalación, Río Cuarto, Córdoba",+54 358 415-8451,Validar,,https://www.semtraco.com.ar/,https://www.google.com/maps/search/?api=1&query=Semtraco+S.A.+-+R%C3%ADo+Cuarto+Acceso+005+%E2%80%93+Circunvalaci%C3%B3n%2C+R%C3%ADo+Cuarto%2C+C%C3%B3rdoba,Gerencia / Logística / Posventa,Presentación comercial PRESOL — traslado de maquinaria / equipos,Visita comercial inicial,Concesionario oficial CASE IH y distribuidor JCB Argentina. | Servicios PRESOL: camilla 15 TN; carretón 30 TN; hidrogrúa. Precios: sólo cotización por viaje.,Alta,https://www.semtraco.com.ar/productos/jcb-argentina.html
UPSERT,agrogm-rio-cuarto,Agro GM; Massey Ferguson Río Cuarto,Agro GM S.A. - Río Cuarto,Río Cuarto,Córdoba,Concesionario agrícola,Agrícola,Massey Ferguson,A++,Principal,9,14:00,Prospecto,"Ruta 8 km 606,5, Río Cuarto, Córdoba",+54 358 462-6444 / +54 3582 15449168,Comercial: +54 3582 15449168,info@agrogmsa.com.ar,https://www.agrogmsa.com.ar/,https://www.google.com/maps/search/?api=1&query=Agro+GM+S.A.+-+R%C3%ADo+Cuarto+Ruta+8+km+606%2C5%2C+R%C3%ADo+Cuarto%2C+C%C3%B3rdoba,Comercial / Logística / Servicio,Presentación comercial PRESOL — traslado de maquinaria / equipos,Visita comercial inicial,Casa Central Río Cuarto. | Servicios PRESOL: camilla 15 TN; carretón 30 TN; hidrogrúa. Precios: sólo cotización por viaje.,Alta,https://www.agrogmsa.com.ar/contacto/
UPSERT,demarchi-rio-cuarto,Demarchi; Valtra Río Cuarto,Demarchi S.A.,Río Cuarto,Córdoba,Concesionario agrícola,Agrícola,Valtra,A++,Principal,10,14:25,Prospecto,"Av. Godoy Cruz 485, Río Cuarto, Córdoba",+54 358 401-0714,Validar,,https://www.demarchi.com.ar/,https://www.google.com/maps/search/?api=1&query=Demarchi+S.A.+Av.+Godoy+Cruz+485%2C+R%C3%ADo+Cuarto%2C+C%C3%B3rdoba,Gerencia / Logística / Posventa,Presentación comercial PRESOL — traslado de maquinaria / equipos,Visita comercial inicial,Referente Valtra en el sur de Córdoba. | Servicios PRESOL: camilla 15 TN; carretón 30 TN; hidrogrúa. Precios: sólo cotización por viaje.,Alta,https://www.demarchi.com.ar/es/quienes-somos/
UPSERT,anibal-barbero-rio-cuarto,Aníbal Barbero; Vassalli Río Cuarto; Don Roque Río Cuarto,Aníbal Barbero - El Amigazo SRL,Río Cuarto,Córdoba,Concesionario agrícola,Agrícola,Vassalli / Don Roque,A+,Principal,11,14:50,Prospecto,"Av. Godoy Cruz 520, Río Cuarto, Córdoba",+54 358 412-1247 / +54 358 412-1252,+54 358 412-1252,anibalbarberoecommerce@gmail.com,https://anibalbarbero.com/,https://www.google.com/maps/search/?api=1&query=An%C3%ADbal+Barbero+-+El+Amigazo+SRL+Av.+Godoy+Cruz+520%2C+R%C3%ADo+Cuarto%2C+C%C3%B3rdoba,Ventas / Expedición / Posventa,Presentación comercial PRESOL — traslado de maquinaria / equipos,Visita comercial inicial,Concesionario oficial Don Roque / Vassalli. | Servicios PRESOL: camilla 15 TN; carretón 30 TN; hidrogrúa. Precios: sólo cotización por viaje.,Alta,https://anibalbarbero.com/nosotros/
UPSERT,simonassi-lovol-rio-cuarto,Simonassi; Lovol Río Cuarto,Simonassi Maquinarias Agrícolas,Río Cuarto,Córdoba,Concesionario agrícola,Agrícola,Lovol,A+,Principal,12,15:15,Prospecto,"Av. Amadeo Sabattini 2950, Río Cuarto, Córdoba",+54 358 506-2964,Validar,,,https://www.google.com/maps/search/?api=1&query=Simonassi+Maquinarias+Agr%C3%ADcolas+Av.+Amadeo+Sabattini+2950%2C+R%C3%ADo+Cuarto%2C+C%C3%B3rdoba,Ventas / Logística / Posventa,Presentación comercial PRESOL — traslado de maquinaria / equipos,Visita comercial inicial,Negocio activo; validar responsable de logística. | Servicios PRESOL: camilla 15 TN; carretón 30 TN; hidrogrúa. Precios: sólo cotización por viaje.,Media,https://www.google.com/maps/search/?api=1&query=Simonassi+Maquinarias+Agr%C3%ADcolas+Lovol+Av.+Amadeo+Sabattini+2950%2C+R%C3%ADo+Cuarto%2C+C%C3%B3rdoba
UPSERT,rino-pauny-rio-cuarto,RINO; Pauny Río Cuarto,RINO Pauny,Río Cuarto,Córdoba,Concesionario agrícola,Agrícola,Pauny,A+,Principal,13,15:45,Prospecto,"RN A005 km 10,5, Río Cuarto, Córdoba",+54 358 509-1232,Validar,,,https://www.google.com/maps/search/?api=1&query=RINO+Pauny+RN+A005+km+10%2C5%2C+R%C3%ADo+Cuarto%2C+C%C3%B3rdoba,Ventas / Logística / Posventa,Presentación comercial PRESOL — traslado de maquinaria / equipos,Visita comercial inicial,Horario comercial con corte al mediodía; visita programada por la tarde. | Servicios PRESOL: camilla 15 TN; carretón 30 TN; hidrogrúa. Precios: sólo cotización por viaje.,Media,https://www.google.com/maps/search/?api=1&query=RINO+Pauny+RN+A005+km+10%2C5%2C+R%C3%ADo+Cuarto%2C+C%C3%B3rdoba
UPSERT,catpro-rio-cuarto,CATPRO; New Holland Río Cuarto,CATPRO Maquinarias,Río Cuarto,Córdoba,Concesionario agrícola,Agrícola,New Holland Agriculture,A++,Principal,14,16:15,Prospecto,"Av. Godoy Cruz 564, Río Cuarto, Córdoba",+54 358 465-0092 / +54 358 463-2206,Validar,recepción@catprosa.com.ar,https://www.catprosa.com.ar/,https://www.google.com/maps/search/?api=1&query=CATPRO+Maquinarias+Av.+Godoy+Cruz+564%2C+R%C3%ADo+Cuarto%2C+C%C3%B3rdoba,Logística / Ventas / Posventa,Presentación comercial PRESOL — traslado de maquinaria / equipos,Visita comercial inicial,Sitio oficial publica atención 08:00-12:30 y 16:00-20:00; se agenda 16:15. | Servicios PRESOL: camilla 15 TN; carretón 30 TN; hidrogrúa. Precios: sólo cotización por viaje.,Alta,https://www.catprosa.com.ar/index.php/contacto
UPSERT,agrokeegan-rio-cuarto,AGROKEEGAN,Agrokeegan Maquinarias,Río Cuarto,Córdoba,Concesionario agrícola + vial liviano,Mixto vial + agrícola,Fercam / Montecor / Richiger / Grosspal / otros,A+,Backup,101,,Prospecto,"Ruta A005 km 0,5, Río Cuarto, Córdoba",+54 358 601-4848,+54 358 601-4848,agrokeegan@gmail.com,https://www.agrokeegan.com.ar/,https://www.google.com/maps/search/?api=1&query=Agrokeegan+Maquinarias+Ruta+A005+km+0%2C5%2C+R%C3%ADo+Cuarto%2C+C%C3%B3rdoba,Gerencia / Ventas / Logística,Presentación comercial PRESOL — traslado de maquinaria / equipos,Visita backup / agendar llamada,"Más relevante de lo estimado: incluye equipos agrícolas, infraestructura rural y división vial. | Servicios PRESOL: camilla 15 TN; carretón 30 TN; hidrogrúa. Precios: sólo cotización por viaje.",Alta,https://www.agrokeegan.com.ar/
UPSERT,caon-rio-cuarto,Caon,Caon Maquinarias,Río Cuarto,Córdoba,Maquinaria agrícola,Agrícola,Multimarca,A,Backup,102,,Prospecto,"RN8 km 608, Río Cuarto, Córdoba",+54 358 411-7162,Validar,,,https://www.google.com/maps/search/?api=1&query=Caon+Maquinarias+RN8+km+608%2C+R%C3%ADo+Cuarto%2C+C%C3%B3rdoba,Ventas / Logística,Presentación comercial PRESOL — traslado de maquinaria / equipos,Visita backup,Horario con corte al mediodía. | Servicios PRESOL: camilla 15 TN; carretón 30 TN; hidrogrúa. Precios: sólo cotización por viaje.,Media,https://www.google.com/maps/search/?api=1&query=Caon+Maquinarias+RN8+km+608%2C+R%C3%ADo+Cuarto%2C+C%C3%B3rdoba
UPSERT,ruben-marconi-rio-cuarto,Ruben Marconi,Concesionario Ruben Marconi,Río Cuarto,Córdoba,Concesionario agrícola,Agrícola,Validar actuales,A,Backup,103,,Prospecto,"RN A005 2708, Río Cuarto, Córdoba",+54 358 470-0452,Validar,,,https://www.google.com/maps/search/?api=1&query=Concesionario+Ruben+Marconi+RN+A005+2708%2C+R%C3%ADo+Cuarto%2C+C%C3%B3rdoba,Ventas / Logística,Presentación comercial PRESOL — traslado de maquinaria / equipos,Visita exploratoria / validar marcas,Negocio activo; marca/representación actual a validar antes de pitch específico. | Servicios PRESOL: camilla 15 TN; carretón 30 TN; hidrogrúa. Precios: sólo cotización por viaje.,Media,https://www.google.com/maps/search/?api=1&query=Concesionario+Ruben+Marconi+RN+A005+2708%2C+R%C3%ADo+Cuarto%2C+C%C3%B3rdoba
UPSERT,agro-vial-fernandez-rio-cuarto,AGRO VIAL FERNANDEZ,Agro Vial Fernández,Río Cuarto,Córdoba,Fabricante maquinaria agrícola,Agrícola,Propia,A,Backup,104,,Prospecto,"Ruta A005 y Arturo M. Bas, Río Cuarto, Córdoba",+54 9 351 607-7077,+54 9 351 607-7077,,,https://www.google.com/maps/search/?api=1&query=Agro+Vial+Fern%C3%A1ndez+Ruta+A005+y+Arturo+M.+Bas%2C+R%C3%ADo+Cuarto%2C+C%C3%B3rdoba,Expedición / Logística,Presentación comercial PRESOL — traslado de maquinaria / equipos,Visita backup,Fabricante local; buen fit para entregas de maquinaria. | Servicios PRESOL: camilla 15 TN; carretón 30 TN; hidrogrúa. Precios: sólo cotización por viaje.,Media,https://www.google.com/maps/search/?api=1&query=Agro+Vial+Fernandez+Ruta+A005+y+Arturo+M.+Bas%2C+R%C3%ADo+Cuarto%2C+C%C3%B3rdoba
UPSERT,terramobil-rio-cuarto,Terramobil,Terramobil - Alquiler de Maquinaria Vial,Río Cuarto,Córdoba,Rental maquinaria vial,Vial / Rental,Flota rental,A+,Rental,201,10:00,Prospecto,"Pirovano 613, Río Cuarto, Córdoba",+54 358 518-0190,Validar,,,https://www.google.com/maps/search/?api=1&query=Terramobil+-+Alquiler+de+Maquinaria+Vial+Pirovano+613%2C+R%C3%ADo+Cuarto%2C+C%C3%B3rdoba,Operaciones / Logística / Gerencia,Presentación comercial PRESOL — traslado de maquinaria / equipos,Visita / llamada para detectar flota y tercerización,Prospecto rental puro. | Servicios PRESOL: camilla 15 TN; carretón 30 TN; hidrogrúa. Precios: sólo cotización por viaje.,Media,https://www.google.com/maps/search/?api=1&query=Terramobil+alquiler+maquinaria+vial+Pirovano+613%2C+R%C3%ADo+Cuarto%2C+C%C3%B3rdoba
UPSERT,la-helena-rio-cuarto,La Helena,Cantera La Helena,Río Cuarto,Córdoba,Rental maquinaria vial + cantera,Vial / Rental,Flota propia,A+,Rental,202,10:30,Prospecto,"Ex Ruta 36 km 610, Río Cuarto, Córdoba",+54 358 430-9507,Validar,lahelena@lahelena.com.ar; administración@lahelena.com.ar,https://lahelena.com.ar/,https://www.google.com/maps/search/?api=1&query=Cantera+La+Helena+Ex+Ruta+36+km+610%2C+R%C3%ADo+Cuarto%2C+C%C3%B3rdoba,Operaciones / Logística / Compras,Presentación comercial PRESOL — traslado de maquinaria / equipos,Visita rental,Alquiler vial con operador confirmado. | Servicios PRESOL: camilla 15 TN; carretón 30 TN; hidrogrúa. Precios: sólo cotización por viaje.,Alta,https://lahelena.com.ar/services/
UPSERT,casale-rio-cuarto,Casale Maquinarias,Casale Maquinarias / Movimientos Agro Vial S.A.,Río Cuarto,Córdoba,Rental + venta maquinaria vial/agro,Vial / Rental,Multimarca,B+,Rental,203,11:00,Prospecto,"RN36 km 606, Río Cuarto, Córdoba",+54 358 509-4615,Validar,,https://casalemaquinarias.com.ar/,https://www.google.com/maps/search/?api=1&query=Casale+Maquinarias+%2F+Movimientos+Agro+Vial+S.A.+RN36+km+606%2C+R%C3%ADo+Cuarto%2C+C%C3%B3rdoba,Gerencia / Logística,Presentación comercial PRESOL — traslado de maquinaria / equipos,Visita exploratoria,Tiene carretones/camilla/flete propios; vender PRESOL como respaldo por picos o simultaneidad. | Servicios PRESOL: camilla 15 TN; carretón 30 TN; hidrogrúa. Precios: sólo cotización por viaje.,Alta,https://casalemaquinarias.com.ar/
UPSERT,alquilo-todo-rio-cuarto,Alquilo Todo,Alquilo Todo Río Cuarto,Río Cuarto,Córdoba,Rental construcción,Rental,Multimarca,B+,Rental,204,11:30,Prospecto,"Reverendo Padre Geniale Silvi 273, colectora A005, Río Cuarto, Córdoba",+54 3546 490-403,Validar,,,https://www.google.com/maps/search/?api=1&query=Alquilo+Todo+R%C3%ADo+Cuarto+Reverendo+Padre+Geniale+Silvi+273%2C+colectora+A005%2C+R%C3%ADo+Cuarto%2C+C%C3%B3rdoba,Operaciones / Logística,Presentación comercial PRESOL — traslado de maquinaria / equipos,Visita exploratoria,Prioridad menor hasta confirmar equipos de porte compatible. | Servicios PRESOL: camilla 15 TN; carretón 30 TN; hidrogrúa. Precios: sólo cotización por viaje.,Media,https://www.google.com/maps/search/?api=1&query=Alquilo+Todo+R%C3%ADo+Cuarto+Reverendo+Padre+Geniale+Silvi+273%2C+R%C3%ADo+Cuarto%2C+C%C3%B3rdoba
UPSERT,sav-rio-cuarto,SAV Río Cuarto,SAV Autoelevadores y Máquinas Viales,Río Cuarto,Córdoba,Servicio maquinaria vial,Vial,Autoelevadores / máquinas viales,B+,Rental,205,12:00,Prospecto,"Lope de Vega 946, Río Cuarto, Córdoba",+54 358 509-2695,Validar,,,https://www.google.com/maps/search/?api=1&query=SAV+Autoelevadores+y+M%C3%A1quinas+Viales+Lope+de+Vega+946%2C+R%C3%ADo+Cuarto%2C+C%C3%B3rdoba,Gerencia / Taller / Logística,Presentación comercial PRESOL — traslado de maquinaria / equipos,Llamar y validar venta/rental vs taller,Exploratorio. | Servicios PRESOL: camilla 15 TN; carretón 30 TN; hidrogrúa. Precios: sólo cotización por viaje.,Media,https://www.google.com/maps/search/?api=1&query=SAV+Autoelevadores+y+Maquinas+Viales+Lope+de+Vega+946%2C+R%C3%ADo+Cuarto%2C+C%C3%B3rdoba
UPSERT,tecnac-rio-cuarto,TECNAC,TECNAC S.R.L.,Río Cuarto,Córdoba,Constructora con flota vial,Vial / Obras,Flota propia,B,Rental,206,12:30,Prospecto,"De las Postas 2435, Río Cuarto, Córdoba",,Validar,,https://www.tecnac.com.ar/,https://www.google.com/maps/search/?api=1&query=TECNAC+S.R.L.+De+las+Postas+2435%2C+R%C3%ADo+Cuarto%2C+C%C3%B3rdoba,Operaciones / Equipos / Compras,Presentación comercial PRESOL — traslado de maquinaria / equipos,Llamada exploratoria,"Nació con alquiler vial y mantiene flota, pero foco actual construcción/ingeniería. | Servicios PRESOL: camilla 15 TN; carretón 30 TN; hidrogrúa. Precios: sólo cotización por viaje.",Alta,https://www.tecnac.com.ar/nosotros
UPSERT,boxtainer-cordoba,BoxTainer,Boxtainer,Río Cuarto,Córdoba,Contenedores marítimos,ISO 20/40 pies,Dry / Reefer / módulos,A+,Remoto,301,,Prospecto,Depósitos en Córdoba / Mendoza / Buenos Aires; publicaciones activas para Río Cuarto,+54 351 254-0586,Validar,,,https://www.google.com/maps/search/?api=1&query=Boxtainer+Dep%C3%B3sitos+en+C%C3%B3rdoba+%2F+Mendoza+%2F+Buenos+Aires%3B+publicaciones+activas+para+R%C3%ADo+Cuarto,Logística / Despachos / Comercial,Presentación comercial PRESOL — traslado de maquinaria / equipos,Contactar y validar origen habitual de despachos a Río Cuarto,NO cargar como sucursal física Río Cuarto. Prospecto remoto de logística. | Servicios PRESOL: camilla 15 TN; carretón 30 TN; hidrogrúa. Precios: sólo cotización por viaje.,Alta,https://vehiculo.mercadolibre.com.ar/MLA-1626447959-contenedores-maritimos-entrega-inmediata-20-y-40-pies-stock-_JM
UPSERT,sudamerica-contenedores,Sudamerica Contenedores,Sudamérica Contenedores,Río Cuarto,Córdoba,Contenedores marítimos,ISO 20/40 pies,Dry / High Cube / Reefer,A,Remoto,302,,Prospecto,Depósitos en varias plazas; confirmar depósito que abastece Río Cuarto,Validar en canal comercial,Validar,comercial@sudamericacontenedores.com.ar,https://sudamericacontenedores.com.ar/,https://www.google.com/maps/search/?api=1&query=Sudam%C3%A9rica+Contenedores+Dep%C3%B3sitos+en+varias+plazas%3B+confirmar+dep%C3%B3sito+que+abastece+R%C3%ADo+Cuarto,Logística / Despachos / Comercial,Presentación comercial PRESOL — traslado de maquinaria / equipos,Contactar y validar depósito/origen de entrega a Río Cuarto,No asumir depósito físico en Río Cuarto hasta confirmar. | Servicios PRESOL: camilla 15 TN; carretón 30 TN; hidrogrúa. Precios: sólo cotización por viaje.,Alta,https://sudamericacontenedores.com.ar/
UPSERT,alzaco-rio-cuarto,Corralón Alzaco; Contenedores Alzaco,Alzaco - División Contenedores,Río Cuarto,Córdoba,Contenedores de obra / rental,NO confirmado marítimo ISO,Contenedores 3/5 m3 / obradores / rental,B,Contenedores local,401,,Prospecto,"Hipólito Yrigoyen 2224, Río Cuarto, Córdoba",+54 358 462-6742 / +54 358 464-9543,Validar,contenedores@alzaco.com.ar; alquilerescontenedores@alzaco.com.ar,https://www.alzaco.com.ar/,https://www.google.com/maps/search/?api=1&query=Alzaco+-+Divisi%C3%B3n+Contenedores+Hip%C3%B3lito+Yrigoyen+2224%2C+R%C3%ADo+Cuarto%2C+C%C3%B3rdoba,División Contenedores / Alquileres,Presentación comercial PRESOL — traslado de maquinaria / equipos,Llamar y validar si manejan módulos/ISO de gran porte,"Sitio publica contenedores de obra 3/5m3, obradores y rental; NO marítimo ISO confirmado. | Servicios PRESOL: camilla 15 TN; carretón 30 TN; hidrogrúa. Precios: sólo cotización por viaje.",Alta,https://www.alzaco.com.ar/contenedores/
UPSERT,ranquel-rio-cuarto,Conte Ranquel; RANQUEL,Contenedores RANQUEL,Río Cuarto,Córdoba,Contenedores / residuos,NO confirmado marítimo ISO,Volquetes / rental,B-,Contenedores local,402,,Prospecto,"Sarmiento 3177, Río Cuarto, Córdoba",+54 358 464-2148,Validar,,,https://www.google.com/maps/search/?api=1&query=Contenedores+RANQUEL+Sarmiento+3177%2C+R%C3%ADo+Cuarto%2C+C%C3%B3rdoba,Operaciones,Presentación comercial PRESOL — traslado de maquinaria / equipos,Validar tipo de contenedores,Servicio local de contenedores; tipo ISO no confirmado. | Servicios PRESOL: camilla 15 TN; carretón 30 TN; hidrogrúa. Precios: sólo cotización por viaje.,Media,https://www.google.com/maps/search/?api=1&query=Contenedores+RANQUEL+Sarmiento+3177%2C+R%C3%ADo+Cuarto%2C+C%C3%B3rdoba
UPSERT,imperio-contenedores-rio-cuarto,Contenedores Imperio,Contenedores Imperio Río Cuarto,Río Cuarto,Córdoba,Contenedores / residuos,NO confirmado marítimo ISO,Contenedores locales,B-,Contenedores local,403,,Prospecto,"Colombia 527, Río Cuarto, Córdoba",+54 358 463-8604,Validar,,,https://www.google.com/maps/search/?api=1&query=Contenedores+Imperio+R%C3%ADo+Cuarto+Colombia+527%2C+R%C3%ADo+Cuarto%2C+C%C3%B3rdoba,Operaciones,Presentación comercial PRESOL — traslado de maquinaria / equipos,Validar tipo de contenedores,No etiquetar como marítimo ISO sin confirmación. | Servicios PRESOL: camilla 15 TN; carretón 30 TN; hidrogrúa. Precios: sólo cotización por viaje.,Media,https://www.google.com/maps/search/?api=1&query=Contenedores+Imperio+R%C3%ADo+Cuarto+Colombia+527%2C+R%C3%ADo+Cuarto%2C+C%C3%B3rdoba
